,A_eliminacion,A_eliminacion,A_eliminacion,A_eliminacion,A_eliminacion,B_mediana,B_mediana,B_mediana,B_mediana,B_mediana,C_interpolacion,C_interpolacion,C_interpolacion,C_interpolacion,C_interpolacion
,KS,KS_pvalue,Wass_norm,dMean_%,dStd_%,KS,KS_pvalue,Wass_norm,dMean_%,dStd_%,KS,KS_pvalue,Wass_norm,dMean_%,dStd_%
col,,,,,,,,,,,,,,,
S1_Temp,0.009374491954103115,0.8652674414955411,0.013616013722372481,-0.01758417121698875,-0.6438234473295772,0.013202140849606248,0.3430030161767774,0.018783625648787192,-0.004926815193763658,-1.1896183513544787,0.0015000262327389824,1.0,0.0014893995375084338,0.0016354267542691007,-0.02103529066176598
S2_Temp,0.009912771083273153,0.8170450993554329,0.014799863673121154,-0.033899307676179005,-1.8420924166306256,0.013927752803316873,0.28202163673986613,0.01651705491291316,-0.015136521316636103,-1.5607604155351416,0.001686251379328374,1.0,0.001965458800929293,-0.001536831992103844,-0.3205502412177535
S3_Temp,0.008777453708952665,0.9110719118157629,0.012547954804407433,-0.02139762456376228,-0.14872546362645328,0.012455721395109198,0.41422668603002055,0.019592595663945563,-0.008151196349360245,-1.097703993379671,0.0016810495041318374,1.0,0.002275368357748613,0.0033323759216587054,0.0008612199082267139
S4_Temp,0.008927437156810991,0.9004289197608222,0.017515146313627043,-0.02424075742275149,-0.316872888097735,0.012238711868778174,0.4364720149779566,0.017920709114019582,0.00024166401222565787,-1.0258793409845655,0.002384513779285946,1.0,0.002501300679508069,0.0030291758049003316,-0.04568861228473841
S1_Light,0.011606329307349172,0.6418042048798933,0.015766415532289274,-3.160789660272011,-1.3872650885500037,0.010575997981990048,0.6246100738351017,0.010358833949771974,-2.0766987381411135,-0.7453378615585147,0.0009556658770041304,1.0,0.0007435388676662663,0.09717041326360586,0.0023514420719719696
S2_Light,0.011901996755554922,0.6101371116318931,0.01348895309889638,-3.4895885795891552,-1.6747336721979067,0.010577824594654506,0.6243923350664762,0.007740844999871941,-2.0024591516456285,-0.7862814626605138,0.0010306463414313516,1.0,0.0007427489242556821,0.015845482570399985,-0.06918924756463679
S3_Light,0.012940415697200947,0.5021160315350283,0.017928694152045826,-3.056328607788631,-1.203124906165111,0.010514250532137392,0.6319751329053716,0.013125914340544036,-2.236714169973698,-0.7144267131349411,0.0010380421372738757,1.0,0.0013711717213685077,0.22951263731744012,0.15486014102806808
S4_Light,0.013640275083331432,0.4343185114526803,0.023961735377480784,-3.552904689276844,-1.1985713546102463,0.011333287767289146,0.5357602979815124,0.018589379627294282,-2.755245780580116,-0.8777753461765198,0.0006386294528089032,1.0,0.0009261398066825256,0.11525160645100058,0.02635533683183682
S1_Sound,0.00454277576630735,0.9999956626004489,0.005566299689641241,-0.3925050918376891,-0.4324231252219818,0.012390142029558293,0.4208791725730223,0.00489098558124782,-0.5611477401273914,-1.919810804407732,0.00504976998330392,0.9994880011194566,0.006252155652765408,0.2450120419975001,-1.5698944406046755
S2_Sound,0.003855639235055719,0.9999999805036308,0.012153725614815732,-2.534838904882383,-7.78549104345073,0.005573511455864377,0.9974708686253767,0.007157224492780559,-1.2166771703109767,-3.4966569578039075,0.004079580550168882,0.9999958272562309,0.009569077721484845,0.44358693590194975,-2.547038648876251
S3_Sound,0.004710688202764879,0.9999885470301934,0.007691107207497564,-1.7230697687403818,-2.751677379727968,0.008177466935953004,0.8876623634891203,0.012518770784633865,-3.2334615841520598,-4.883693079121009,0.003989451113318054,0.9999977928478552,0.007202866963791217,-1.0262102765576067,-3.3383700033808883
S4_Sound,0.004321749066723779,0.9999989901817913,0.013113815050329426,0.5282346880135083,4.083856771169109,0.009246621051979043,0.7805489232676085,0.015809602805704048,1.2604558959043592,7.15975207743462,0.004901556249172101,0.999704849107585,0.01878552652933395,2.0195687115071723,8.122887416981895
S5_CO2,0.007065425409345738,0.9866830763805076,0.0056951530869879105,-0.20077231733973183,-0.1908100192619663,0.011863094785164785,0.47647867953337186,0.015114433901718162,-0.6147307073581547,-1.1300457656904033,0.0011774801888220776,1.0,0.0008477497998557006,-0.013826112975742145,-0.12426318037591175
S5_CO2_Slope,0.007555650169398964,0.9735383488867199,0.011409350041039804,-201.371553153747,1.192539146505999,0.008985365804748735,0.8090783951122791,0.01231424534866089,44.01443157471489,-1.120957431873933,0.0013597940017713306,1.0,0.0023055841199426854,50.65722087149999,-0.019443473722487385
S6_PIR,0.0027427696564121806,0.9999999999999999,0.00957696380954902,-3.042882130317645,-1.3824565970434735,0.0011477878057819524,1.0,0.004007745328273437,-1.2733781691967403,-0.5759859980496046,0.0013660382374558466,1.0,0.004769813145623906,1.515509453142325,0.6793338046914794
S7_PIR,0.0003259829403480241,1.0,0.0012044662676734767,-0.4096626802462425,-0.18490547368169485,0.0014437884026078374,1.0,0.005334617899767199,-1.8144085272971546,-0.8335813760273941,0.0007683785154414258,1.0,0.002839062687348481,0.9656210896905784,0.43979219841759215
Room_Occupancy_Count,0.004891206502332324,0.9999708979128604,0.01038785553348187,-2.329125856894669,-0.8891529953755362,0.0044712996215089396,0.9999571808131382,0.010314318962560977,-2.3126377638318587,-0.927411881743105,0.0005563524649666585,1.0,0.001500451205183574,0.33642551994853187,0.1731242802108946
